date,ticker,close_price
2023-01-02,AMZN,120.87
2023-01-02,MSFT,303.24
2023-01-02,TSLA,198.53
2023-01-02,AAPL,155.58
2023-01-02,GOOGL,103.24
2023-01-03,AMZN,120.63
2023-01-03,MSFT,303.32
2023-01-03,TSLA,191.97
2023-01-03,AAPL,147.14
2023-01-03,GOOGL,96.57
2023-01-04,AMZN,119.03
2023-01-04,MSFT,305.56
2023-01-04,TSLA,204.68
2023-01-04,AAPL,144.78
2023-01-04,GOOGL,111.11
2023-01-05,AMZN,121.64
2023-01-05,MSFT,303.1
2023-01-05,TSLA,198.12
2023-01-05,AAPL,153.45
2023-01-05,GOOGL,93.42
2023-01-06,AMZN,121.42
2023-01-06,MSFT,299.95
2023-01-06,TSLA,190.22
2023-01-06,AAPL,155.0
2023-01-06,GOOGL,96.93
2023-01-09,AMZN,113.06
2023-01-09,MSFT,292.18
2023-01-09,TSLA,202.04
2023-01-09,AAPL,148.87
2023-01-09,GOOGL,100.75
2023-01-10,AMZN,115.92
2023-01-10,MSFT,300.16
2023-01-10,TSLA,196.63
2023-01-10,AAPL,152.17
2023-01-10,GOOGL,102.7
2023-01-11,AMZN,128.35
2023-01-11,MSFT,294.84
2023-01-11,TSLA,211.21
2023-01-11,AAPL,150.88
2023-01-11,GOOGL,107.88
2023-01-12,AMZN,115.22
2023-01-12,MSFT,305.26
2023-01-12,TSLA,201.46
2023-01-12,AAPL,148.26
2023-01-12,GOOGL,94.23
2023-01-13,AMZN,118.39
2023-01-13,MSFT,300.8
2023-01-13,TSLA,196.96
2023-01-13,AAPL,151.96
2023-01-13,GOOGL,98.09
2023-01-16,AMZN,125.01
2023-01-16,MSFT,297.48
2023-01-16,TSLA,198.43
2023-01-16,AAPL,151.14
2023-01-16,GOOGL,96.76
2023-01-17,AMZN,122.3
2023-01-17,MSFT,297.59
2023-01-17,TSLA,195.27
2023-01-17,AAPL,153.88
2023-01-17,GOOGL,106.95
2023-01-18,AMZN,124.53
2023-01-18,MSFT,299.71
2023-01-18,TSLA,189.21
2023-01-18,AAPL,155.35
2023-01-18,GOOGL,90.75
2023-01-19,AMZN,127.25
2023-01-19,MSFT,298.97
2023-01-19,TSLA,194.83
2023-01-19,AAPL,160.9
2023-01-19,GOOGL,99.82
2023-01-20,AMZN,116.04
2023-01-20,MSFT,294.09
2023-01-20,TSLA,202.82
2023-01-20,AAPL,150.08
2023-01-20,GOOGL,110.36
2023-01-23,AMZN,112.77
2023-01-23,MSFT,296.43
2023-01-23,TSLA,200.14
2023-01-23,AAPL,154.35
2023-01-23,GOOGL,96.64
2023-01-24,AMZN,121.84
2023-01-24,MSFT,315.41
2023-01-24,TSLA,191.41
2023-01-24,AAPL,148.99
2023-01-24,GOOGL,110.52
2023-01-25,AMZN,115.98
2023-01-25,MSFT,300.98
2023-01-25,TSLA,198.95
2023-01-25,AAPL,146.83
2023-01-25,GOOGL,99.81
2023-01-26,AMZN,122.33
2023-01-26,MSFT,299.83
2023-01-26,TSLA,204.11
2023-01-26,AAPL,149.35
2023-01-26,GOOGL,94.87
2023-01-27,AMZN,122.89
2023-01-27,MSFT,300.44
2023-01-27,TSLA,200.62
2023-01-27,AAPL,160.53
2023-01-27,GOOGL,92.13
2023-01-30,AMZN,122.25
2023-01-30,MSFT,295.5
2023-01-30,TSLA,197.27
2023-01-30,AAPL,153.0
2023-01-30,GOOGL,98.45
2023-01-31,AMZN,120.04
2023-01-31,MSFT,289.27
2023-01-31,TSLA,206.09
2023-01-31,AAPL,135.42
2023-01-31,GOOGL,107.08
2023-02-01,AMZN,117.21
2023-02-01,MSFT,306.49
2023-02-01,TSLA,195.18
2023-02-01,AAPL,140.97
2023-02-01,GOOGL,101.88
2023-02-02,AMZN,126.59
2023-02-02,MSFT,302.79
2023-02-02,TSLA,206.17
2023-02-02,AAPL,154.5
2023-02-02,GOOGL,104.35
2023-02-03,AMZN,116.56
2023-02-03,MSFT,296.98
2023-02-03,TSLA,200.47
2023-02-03,AAPL,144.69
2023-02-03,GOOGL,102.37
2023-02-06,AMZN,116.8
2023-02-06,MSFT,299.62
2023-02-06,TSLA,201.43
2023-02-06,AAPL,158.61
2023-02-06,GOOGL,102.93
2023-02-07,AMZN,115.18
2023-02-07,MSFT,302.91
2023-02-07,TSLA,192.65
2023-02-07,AAPL,147.07
2023-02-07,GOOGL,94.7
2023-02-08,AMZN,119.42
2023-02-08,MSFT,296.66
2023-02-08,TSLA,191.54
2023-02-08,AAPL,136.41
2023-02-08,GOOGL,102.87
2023-02-09,AMZN,123.6
2023-02-09,MSFT,299.86
2023-02-09,TSLA,199.39
2023-02-09,AAPL,144.48
2023-02-09,GOOGL,96.64
2023-02-10,AMZN,113.9
2023-02-10,MSFT,302.64
2023-02-10,TSLA,198.98
2023-02-10,AAPL,149.24
2023-02-10,GOOGL,98.34
2023-02-13,AMZN,119.44
2023-02-13,MSFT,294.65
2023-02-13,TSLA,196.17
2023-02-13,AAPL,146.6
2023-02-13,GOOGL,99.76
2023-02-14,AMZN,116.3
2023-02-14,MSFT,303.72
2023-02-14,TSLA,189.07
2023-02-14,AAPL,150.43
2023-02-14,GOOGL,100.29
2023-02-15,AMZN,125.18
2023-02-15,MSFT,288.91
2023-02-15,TSLA,200.98
2023-02-15,AAPL,148.25
2023-02-15,GOOGL,109.74
2023-02-16,AMZN,126.5
2023-02-16,MSFT,288.86
2023-02-16,TSLA,199.61
2023-02-16,AAPL,149.66
2023-02-16,GOOGL,96.78
2023-02-17,AMZN,125.08
2023-02-17,MSFT,293.28
2023-02-17,TSLA,194.04
2023-02-17,AAPL,144.24
2023-02-17,GOOGL,102.07
2023-02-20,AMZN,128.3
2023-02-20,MSFT,289.59
2023-02-20,TSLA,202.02
2023-02-20,AAPL,145.73
2023-02-20,GOOGL,101.37
2023-02-21,AMZN,118.59
2023-02-21,MSFT,299.2
2023-02-21,TSLA,198.55
2023-02-21,AAPL,148.46
2023-02-21,GOOGL,89.35
2023-02-22,AMZN,116.96
2023-02-22,MSFT,297.42
2023-02-22,TSLA,193.1
2023-02-22,AAPL,148.22
2023-02-22,GOOGL,102.91
2023-02-23,AMZN,121.57
2023-02-23,MSFT,301.96
2023-02-23,TSLA,184.51
2023-02-23,AAPL,160.03
2023-02-23,GOOGL,99.2
2023-02-24,AMZN,111.67
2023-02-24,MSFT,303.24
2023-02-24,TSLA,205.64
2023-02-24,AAPL,150.13
2023-02-24,GOOGL,108.47
2023-02-27,AMZN,116.11
2023-02-27,MSFT,301.0
2023-02-27,TSLA,193.34
2023-02-27,AAPL,146.2
2023-02-27,GOOGL,92.49
2023-02-28,AMZN,120.22
2023-02-28,MSFT,298.43
2023-02-28,TSLA,203.68
2023-02-28,AAPL,151.74
2023-02-28,GOOGL,107.35
2023-03-01,AMZN,116.79
2023-03-01,MSFT,306.05
2023-03-01,TSLA,201.28
2023-03-01,AAPL,153.9
2023-03-01,GOOGL,96.68
2023-03-02,AMZN,119.31
2023-03-02,MSFT,303.76
2023-03-02,TSLA,196.06
2023-03-02,AAPL,140.88
2023-03-02,GOOGL,93.02
2023-03-03,AMZN,119.77
2023-03-03,MSFT,300.74
2023-03-03,TSLA,205.0
2023-03-03,AAPL,150.8
2023-03-03,GOOGL,101.98
2023-03-06,AMZN,123.07
2023-03-06,MSFT,294.48
2023-03-06,TSLA,198.25
2023-03-06,AAPL,147.57
2023-03-06,GOOGL,105.76
2023-03-07,AMZN,113.71
2023-03-07,MSFT,297.54
2023-03-07,TSLA,204.16
2023-03-07,AAPL,150.94
2023-03-07,GOOGL,97.63
2023-03-08,AMZN,122.09
2023-03-08,MSFT,302.57
2023-03-08,TSLA,190.46
2023-03-08,AAPL,152.86
2023-03-08,GOOGL,98.2
2023-03-09,AMZN,121.11
2023-03-09,MSFT,292.7
2023-03-09,TSLA,203.1
2023-03-09,AAPL,152.77
2023-03-09,GOOGL,101.76
2023-03-10,AMZN,125.04
2023-03-10,MSFT,293.27
2023-03-10,TSLA,192.3
2023-03-10,AAPL,138.02
2023-03-10,GOOGL,99.59
2023-03-13,AMZN,122.51
2023-03-13,MSFT,296.87
2023-03-13,TSLA,197.39
2023-03-13,AAPL,159.95
2023-03-13,GOOGL,104.55
2023-03-14,AMZN,116.6
2023-03-14,MSFT,297.18
2023-03-14,TSLA,192.9
2023-03-14,AAPL,150.24
2023-03-14,GOOGL,97.84
2023-03-15,AMZN,123.56
2023-03-15,MSFT,304.42
2023-03-15,TSLA,196.51
2023-03-15,AAPL,146.47
2023-03-15,GOOGL,99.75
2023-03-16,AMZN,129.28
2023-03-16,MSFT,295.85
2023-03-16,TSLA,198.31
2023-03-16,AAPL,148.36
2023-03-16,GOOGL,91.2
2023-03-17,AMZN,125.15
2023-03-17,MSFT,298.95
2023-03-17,TSLA,201.25
2023-03-17,AAPL,143.99
2023-03-17,GOOGL,97.8
2023-03-20,AMZN,122.55
2023-03-20,MSFT,306.91
2023-03-20,TSLA,197.54
2023-03-20,AAPL,149.12
2023-03-20,GOOGL,101.51
2023-03-21,AMZN,120.69
2023-03-21,MSFT,302.71
2023-03-21,TSLA,206.15
2023-03-21,AAPL,147.57
2023-03-21,GOOGL,99.94
2023-03-22,AMZN,119.2
2023-03-22,MSFT,297.22
2023-03-22,TSLA,193.08
2023-03-22,AAPL,151.7
2023-03-22,GOOGL,97.22
2023-03-23,AMZN,115.61
2023-03-23,MSFT,301.09
2023-03-23,TSLA,197.7
2023-03-23,AAPL,153.77
2023-03-23,GOOGL,91.78
2023-03-24,AMZN,120.58
2023-03-24,MSFT,295.49
2023-03-24,TSLA,205.17
2023-03-24,AAPL,141.32
2023-03-24,GOOGL,99.57
2023-03-27,AMZN,126.22
2023-03-27,MSFT,303.99
2023-03-27,TSLA,188.57
2023-03-27,AAPL,138.61
2023-03-27,GOOGL,97.84
2023-03-28,AMZN,123.2
2023-03-28,MSFT,295.23
2023-03-28,TSLA,204.14
2023-03-28,AAPL,156.23
2023-03-28,GOOGL,96.79
2023-03-29,AMZN,118.48
2023-03-29,MSFT,300.09
2023-03-29,TSLA,203.94
2023-03-29,AAPL,147.17
2023-03-29,GOOGL,90.42
2023-03-30,AMZN,115.89
2023-03-30,MSFT,299.54
2023-03-30,TSLA,199.34
2023-03-30,AAPL,148.43
2023-03-30,GOOGL,96.38
2023-03-31,AMZN,120.98
2023-03-31,MSFT,303.76
2023-03-31,TSLA,207.76
2023-03-31,AAPL,153.76
2023-03-31,GOOGL,101.51
2023-04-03,AMZN,120.82
2023-04-03,MSFT,302.69
2023-04-03,TSLA,186.9
2023-04-03,AAPL,145.22
2023-04-03,GOOGL,103.86
2023-04-04,AMZN,113.98
2023-04-04,MSFT,305.72
2023-04-04,TSLA,196.42
2023-04-04,AAPL,155.14
2023-04-04,GOOGL,96.84
2023-04-05,AMZN,117.93
2023-04-05,MSFT,304.82
2023-04-05,TSLA,202.68
2023-04-05,AAPL,142.1
2023-04-05,GOOGL,100.09
2023-04-06,AMZN,115.22
2023-04-06,MSFT,298.68
2023-04-06,TSLA,196.03
2023-04-06,AAPL,145.78
2023-04-06,GOOGL,103.06
2023-04-07,AMZN,123.69
2023-04-07,MSFT,298.63
2023-04-07,TSLA,198.04
2023-04-07,AAPL,142.31
2023-04-07,GOOGL,101.28
2023-04-10,AMZN,120.19
2023-04-10,MSFT,302.87
2023-04-10,TSLA,207.11
2023-04-10,AAPL,153.77
2023-04-10,GOOGL,107.55
2023-04-11,AMZN,124.36
2023-04-11,MSFT,305.63
2023-04-11,TSLA,203.17
2023-04-11,AAPL,151.15
2023-04-11,GOOGL,105.64
2023-04-12,AMZN,121.58
2023-04-12,MSFT,306.53
2023-04-12,TSLA,199.86
2023-04-12,AAPL,146.71
2023-04-12,GOOGL,93.12
2023-04-13,AMZN,122.04
2023-04-13,MSFT,309.22
2023-04-13,TSLA,200.44
2023-04-13,AAPL,144.08
2023-04-13,GOOGL,98.85
2023-04-14,AMZN,122.28
2023-04-14,MSFT,300.1
2023-04-14,TSLA,206.43
2023-04-14,AAPL,147.06
2023-04-14,GOOGL,101.9
2023-04-17,AMZN,123.94
2023-04-17,MSFT,296.84
2023-04-17,TSLA,190.0
2023-04-17,AAPL,146.05
2023-04-17,GOOGL,98.24
2023-04-18,AMZN,121.59
2023-04-18,MSFT,299.51
2023-04-18,TSLA,200.72
2023-04-18,AAPL,155.09
2023-04-18,GOOGL,96.35
2023-04-19,AMZN,118.44
2023-04-19,MSFT,299.99
2023-04-19,TSLA,187.8
2023-04-19,AAPL,147.64
2023-04-19,GOOGL,102.49
2023-04-20,AMZN,114.14
2023-04-20,MSFT,296.55
2023-04-20,TSLA,199.04
2023-04-20,AAPL,146.2
2023-04-20,GOOGL,91.85
2023-04-21,AMZN,118.9
2023-04-21,MSFT,293.7
2023-04-21,TSLA,205.66
2023-04-21,AAPL,151.08
2023-04-21,GOOGL,98.89
2023-04-24,AMZN,126.11
2023-04-24,MSFT,301.62
2023-04-24,TSLA,199.28
2023-04-24,AAPL,149.2
2023-04-24,GOOGL,101.72
2023-04-25,AMZN,108.86
2023-04-25,MSFT,301.79
2023-04-25,TSLA,200.56
2023-04-25,AAPL,146.51
2023-04-25,GOOGL,91.49
2023-04-26,AMZN,117.83
2023-04-26,MSFT,295.03
2023-04-26,TSLA,194.25
2023-04-26,AAPL,143.08
2023-04-26,GOOGL,103.34
2023-04-27,AMZN,117.75
2023-04-27,MSFT,297.78
2023-04-27,TSLA,207.73
2023-04-27,AAPL,143.48
2023-04-27,GOOGL,94.38
2023-04-28,AMZN,118.04
2023-04-28,MSFT,308.29
2023-04-28,TSLA,205.27
2023-04-28,AAPL,149.45
2023-04-28,GOOGL,99.78
2023-05-01,AMZN,119.89
2023-05-01,MSFT,298.01
2023-05-01,TSLA,206.17
2023-05-01,AAPL,149.53
2023-05-01,GOOGL,103.38
2023-05-02,AMZN,113.64
2023-05-02,MSFT,297.57
2023-05-02,TSLA,203.56
2023-05-02,AAPL,157.47
2023-05-02,GOOGL,95.69
2023-05-03,AMZN,125.41
2023-05-03,MSFT,300.72
2023-05-03,TSLA,200.23
2023-05-03,AAPL,149.7
2023-05-03,GOOGL,101.84
2023-05-04,AMZN,121.53
2023-05-04,MSFT,294.74
2023-05-04,TSLA,202.94
2023-05-04,AAPL,146.81
2023-05-04,GOOGL,99.56
2023-05-05,AMZN,117.38
2023-05-05,MSFT,303.59
2023-05-05,TSLA,195.94
2023-05-05,AAPL,148.04
2023-05-05,GOOGL,98.97
2023-05-08,AMZN,115.26
2023-05-08,MSFT,294.31
2023-05-08,TSLA,199.48
2023-05-08,AAPL,155.65
2023-05-08,GOOGL,90.95
2023-05-09,AMZN,120.36
2023-05-09,MSFT,301.8
2023-05-09,TSLA,204.87
2023-05-09,AAPL,149.89
2023-05-09,GOOGL,107.78
2023-05-10,AMZN,124.72
2023-05-10,MSFT,297.31
2023-05-10,TSLA,203.98
2023-05-10,AAPL,149.35
2023-05-10,GOOGL,98.39
2023-05-11,AMZN,113.64
2023-05-11,MSFT,304.2
2023-05-11,TSLA,203.76
2023-05-11,AAPL,144.77
2023-05-11,GOOGL,100.85
2023-05-12,AMZN,120.43
2023-05-12,MSFT,303.84
2023-05-12,TSLA,198.59
2023-05-12,AAPL,156.34
2023-05-12,GOOGL,96.03
2023-05-15,AMZN,119.98
2023-05-15,MSFT,301.96
2023-05-15,TSLA,187.34
2023-05-15,AAPL,150.64
2023-05-15,GOOGL,104.39
2023-05-16,AMZN,116.04
2023-05-16,MSFT,301.71
2023-05-16,TSLA,196.65
2023-05-16,AAPL,144.03
2023-05-16,GOOGL,102.7
2023-05-17,AMZN,118.85
2023-05-17,MSFT,299.61
2023-05-17,TSLA,204.29
2023-05-17,AAPL,151.32
2023-05-17,GOOGL,96.95
2023-05-18,AMZN,115.74
2023-05-18,MSFT,297.74
2023-05-18,TSLA,189.85
2023-05-18,AAPL,152.18
2023-05-18,GOOGL,98.09
2023-05-19,AMZN,122.89
2023-05-19,MSFT,305.01
2023-05-19,TSLA,199.79
2023-05-19,AAPL,144.2
2023-05-19,GOOGL,102.17
2023-05-22,AMZN,124.27
2023-05-22,MSFT,301.06
2023-05-22,TSLA,207.65
2023-05-22,AAPL,147.94
2023-05-22,GOOGL,101.2
2023-05-23,AMZN,121.02
2023-05-23,MSFT,294.1
2023-05-23,TSLA,198.59
2023-05-23,AAPL,157.44
2023-05-23,GOOGL,95.23
2023-05-24,AMZN,118.12
2023-05-24,MSFT,302.81
2023-05-24,TSLA,200.09
2023-05-24,AAPL,159.21
2023-05-24,GOOGL,93.99
2023-05-25,AMZN,113.74
2023-05-25,MSFT,297.86
2023-05-25,TSLA,200.52
2023-05-25,AAPL,153.27
2023-05-25,GOOGL,93.62
2023-05-26,AMZN,117.69
2023-05-26,MSFT,298.94
2023-05-26,TSLA,203.26
2023-05-26,AAPL,145.17
2023-05-26,GOOGL,97.96
2023-05-29,AMZN,123.73
2023-05-29,MSFT,302.14
2023-05-29,TSLA,203.76
2023-05-29,AAPL,162.35
2023-05-29,GOOGL,103.05
2023-05-30,AMZN,122.49
2023-05-30,MSFT,291.54
2023-05-30,TSLA,197.85
2023-05-30,AAPL,144.9
2023-05-30,GOOGL,95.8
2023-05-31,AMZN,112.43
2023-05-31,MSFT,301.54
2023-05-31,TSLA,204.7
2023-05-31,AAPL,144.05
2023-05-31,GOOGL,100.49
2023-06-01,AMZN,127.5
2023-06-01,MSFT,303.3
2023-06-01,TSLA,193.26
2023-06-01,AAPL,146.2
2023-06-01,GOOGL,104.58
2023-06-02,AMZN,117.97
2023-06-02,MSFT,294.51
2023-06-02,TSLA,201.25
2023-06-02,AAPL,145.3
2023-06-02,GOOGL,107.56
2023-06-05,AMZN,132.41
2023-06-05,MSFT,294.34
2023-06-05,TSLA,205.32
2023-06-05,AAPL,149.6
2023-06-05,GOOGL,92.6
2023-06-06,AMZN,119.31
2023-06-06,MSFT,299.38
2023-06-06,TSLA,197.18
2023-06-06,AAPL,147.99
2023-06-06,GOOGL,90.6
2023-06-07,AMZN,125.27
2023-06-07,MSFT,297.51
2023-06-07,TSLA,201.66
2023-06-07,AAPL,151.62
2023-06-07,GOOGL,91.98
2023-06-08,AMZN,118.15
2023-06-08,MSFT,303.81
2023-06-08,TSLA,198.1
2023-06-08,AAPL,148.62
2023-06-08,GOOGL,96.96
2023-06-09,AMZN,126.17
2023-06-09,MSFT,304.8
2023-06-09,TSLA,200.96
2023-06-09,AAPL,143.87
2023-06-09,GOOGL,98.31
2023-06-12,AMZN,120.49
2023-06-12,MSFT,295.07
2023-06-12,TSLA,197.4
2023-06-12,AAPL,152.28
2023-06-12,GOOGL,106.53
2023-06-13,AMZN,124.95
2023-06-13,MSFT,306.57
2023-06-13,TSLA,199.45
2023-06-13,AAPL,154.95
2023-06-13,GOOGL,98.09
2023-06-14,AMZN,118.79
2023-06-14,MSFT,303.24
2023-06-14,TSLA,205.27
2023-06-14,AAPL,149.91
2023-06-14,GOOGL,98.06
2023-06-15,AMZN,127.31
2023-06-15,MSFT,291.46
2023-06-15,TSLA,198.05
2023-06-15,AAPL,153.9
2023-06-15,GOOGL,95.26
2023-06-16,AMZN,124.15
2023-06-16,MSFT,299.3
2023-06-16,TSLA,190.97
2023-06-16,AAPL,154.96
2023-06-16,GOOGL,104.55
2023-06-19,AMZN,122.63
2023-06-19,MSFT,293.11
2023-06-19,TSLA,197.34
2023-06-19,AAPL,142.01
2023-06-19,GOOGL,96.02
2023-06-20,AMZN,115.36
2023-06-20,MSFT,293.87
2023-06-20,TSLA,199.31
2023-06-20,AAPL,146.58
2023-06-20,GOOGL,104.15
2023-06-21,AMZN,115.72
2023-06-21,MSFT,298.47
2023-06-21,TSLA,204.24
2023-06-21,AAPL,145.97
2023-06-21,GOOGL,103.0
2023-06-22,AMZN,115.71
2023-06-22,MSFT,305.86
2023-06-22,TSLA,204.19
2023-06-22,AAPL,152.6
2023-06-22,GOOGL,97.52
2023-06-23,AMZN,117.67
2023-06-23,MSFT,297.62
2023-06-23,TSLA,202.96
2023-06-23,AAPL,149.45
2023-06-23,GOOGL,94.52
2023-06-26,AMZN,128.4
2023-06-26,MSFT,295.46
2023-06-26,TSLA,200.73
2023-06-26,AAPL,141.31
2023-06-26,GOOGL,102.12
2023-06-27,AMZN,123.55
2023-06-27,MSFT,294.55
2023-06-27,TSLA,194.66
2023-06-27,AAPL,140.45
2023-06-27,GOOGL,103.87
2023-06-28,AMZN,112.93
2023-06-28,MSFT,303.31
2023-06-28,TSLA,194.78
2023-06-28,AAPL,146.14
2023-06-28,GOOGL,93.31
2023-06-29,AMZN,115.01
2023-06-29,MSFT,306.54
2023-06-29,TSLA,203.08
2023-06-29,AAPL,146.8
2023-06-29,GOOGL,98.62
2023-06-30,AMZN,127.84
2023-06-30,MSFT,302.18
2023-06-30,TSLA,210.6
2023-06-30,AAPL,142.41
2023-06-30,GOOGL,93.61
2023-07-03,AMZN,124.1
2023-07-03,MSFT,297.91
2023-07-03,TSLA,207.59
2023-07-03,AAPL,139.44
2023-07-03,GOOGL,94.7
2023-07-04,AMZN,115.95
2023-07-04,MSFT,301.07
2023-07-04,TSLA,197.5
2023-07-04,AAPL,147.84
2023-07-04,GOOGL,92.22
2023-07-05,AMZN,119.53
2023-07-05,MSFT,294.29
2023-07-05,TSLA,203.79
2023-07-05,AAPL,149.15
2023-07-05,GOOGL,98.32
2023-07-06,AMZN,126.73
2023-07-06,MSFT,304.7
2023-07-06,TSLA,199.86
2023-07-06,AAPL,149.89
2023-07-06,GOOGL,99.44
2023-07-07,AMZN,128.68
2023-07-07,MSFT,305.64
2023-07-07,TSLA,209.64
2023-07-07,AAPL,152.67
2023-07-07,GOOGL,99.49
2023-07-10,AMZN,116.55
2023-07-10,MSFT,300.1
2023-07-10,TSLA,197.08
2023-07-10,AAPL,149.69
2023-07-10,GOOGL,100.17
2023-07-11,AMZN,131.24
2023-07-11,MSFT,309.33
2023-07-11,TSLA,190.93
2023-07-11,AAPL,148.32
2023-07-11,GOOGL,107.65
2023-07-12,AMZN,120.73
2023-07-12,MSFT,305.21
2023-07-12,TSLA,197.98
2023-07-12,AAPL,148.41
2023-07-12,GOOGL,95.4
2023-07-13,AMZN,121.66
2023-07-13,MSFT,297.63
2023-07-13,TSLA,195.6
2023-07-13,AAPL,136.87
2023-07-13,GOOGL,96.48
2023-07-14,AMZN,122.88
2023-07-14,MSFT,306.88
2023-07-14,TSLA,205.63
2023-07-14,AAPL,147.39
2023-07-14,GOOGL,102.75
2023-07-17,AMZN,122.98
2023-07-17,MSFT,292.37
2023-07-17,TSLA,193.26
2023-07-17,AAPL,156.95
2023-07-17,GOOGL,99.59
2023-07-18,AMZN,109.09
2023-07-18,MSFT,307.87
2023-07-18,TSLA,197.6
2023-07-18,AAPL,151.12
2023-07-18,GOOGL,93.53
2023-07-19,AMZN,114.15
2023-07-19,MSFT,296.52
2023-07-19,TSLA,193.04
2023-07-19,AAPL,150.11
2023-07-19,GOOGL,101.22
2023-07-20,AMZN,112.73
2023-07-20,MSFT,304.3
2023-07-20,TSLA,190.52
2023-07-20,AAPL,151.37
2023-07-20,GOOGL,106.12
2023-07-21,AMZN,116.61
2023-07-21,MSFT,303.83
2023-07-21,TSLA,195.33
2023-07-21,AAPL,146.51
2023-07-21,GOOGL,98.35
2023-07-24,AMZN,123.72
2023-07-24,MSFT,303.38
2023-07-24,TSLA,199.42
2023-07-24,AAPL,147.06
2023-07-24,GOOGL,94.76
2023-07-25,AMZN,117.37
2023-07-25,MSFT,296.48
2023-07-25,TSLA,188.68
2023-07-25,AAPL,152.82
2023-07-25,GOOGL,92.97
2023-07-26,AMZN,116.43
2023-07-26,MSFT,297.2
2023-07-26,TSLA,202.26
2023-07-26,AAPL,147.16
2023-07-26,GOOGL,101.74
2023-07-27,AMZN,127.5
2023-07-27,MSFT,294.72
2023-07-27,TSLA,191.53
2023-07-27,AAPL,151.81
2023-07-27,GOOGL,101.68
2023-07-28,AMZN,118.61
2023-07-28,MSFT,289.96
2023-07-28,TSLA,204.82
2023-07-28,AAPL,147.52
2023-07-28,GOOGL,93.93
2023-07-31,AMZN,119.62
2023-07-31,MSFT,295.45
2023-07-31,TSLA,198.96
2023-07-31,AAPL,148.92
2023-07-31,GOOGL,104.82
2023-08-01,AMZN,124.13
2023-08-01,MSFT,298.0
2023-08-01,TSLA,206.34
2023-08-01,AAPL,153.88
2023-08-01,GOOGL,107.09
2023-08-02,AMZN,116.71
2023-08-02,MSFT,300.27
2023-08-02,TSLA,199.32
2023-08-02,AAPL,151.0
2023-08-02,GOOGL,102.58
2023-08-03,AMZN,114.59
2023-08-03,MSFT,296.9
2023-08-03,TSLA,192.98
2023-08-03,AAPL,155.24
2023-08-03,GOOGL,94.41
2023-08-04,AMZN,113.99
2023-08-04,MSFT,294.38
2023-08-04,TSLA,202.69
2023-08-04,AAPL,143.77
2023-08-04,GOOGL,100.22
2023-08-07,AMZN,114.61
2023-08-07,MSFT,300.74
2023-08-07,TSLA,194.6
2023-08-07,AAPL,150.51
2023-08-07,GOOGL,99.36
2023-08-08,AMZN,116.32
2023-08-08,MSFT,305.14
2023-08-08,TSLA,202.14
2023-08-08,AAPL,157.23
2023-08-08,GOOGL,105.15
2023-08-09,AMZN,127.82
2023-08-09,MSFT,293.95
2023-08-09,TSLA,193.29
2023-08-09,AAPL,141.17
2023-08-09,GOOGL,100.17
2023-08-10,AMZN,109.61
2023-08-10,MSFT,302.52
2023-08-10,TSLA,203.46
2023-08-10,AAPL,142.77
2023-08-10,GOOGL,104.89
2023-08-11,AMZN,113.19
2023-08-11,MSFT,297.49
2023-08-11,TSLA,193.24
2023-08-11,AAPL,148.96
2023-08-11,GOOGL,98.15
2023-08-14,AMZN,119.74
2023-08-14,MSFT,302.49
2023-08-14,TSLA,199.78
2023-08-14,AAPL,143.46
2023-08-14,GOOGL,103.54
2023-08-15,AMZN,117.17
2023-08-15,MSFT,296.64
2023-08-15,TSLA,208.78
2023-08-15,AAPL,150.67
2023-08-15,GOOGL,100.41
2023-08-16,AMZN,114.22
2023-08-16,MSFT,301.0
2023-08-16,TSLA,196.7
2023-08-16,AAPL,149.62
2023-08-16,GOOGL,105.71
2023-08-17,AMZN,125.84
2023-08-17,MSFT,299.43
2023-08-17,TSLA,195.57
2023-08-17,AAPL,153.88
2023-08-17,GOOGL,96.82
2023-08-18,AMZN,121.84
2023-08-18,MSFT,298.03
2023-08-18,TSLA,189.99
2023-08-18,AAPL,158.05
2023-08-18,GOOGL,98.23
2023-08-21,AMZN,124.76
2023-08-21,MSFT,294.47
2023-08-21,TSLA,194.41
2023-08-21,AAPL,153.36
2023-08-21,GOOGL,105.7
2023-08-22,AMZN,126.62
2023-08-22,MSFT,298.41
2023-08-22,TSLA,200.17
2023-08-22,AAPL,156.28
2023-08-22,GOOGL,102.9
2023-08-23,AMZN,128.62
2023-08-23,MSFT,299.55
2023-08-23,TSLA,200.23
2023-08-23,AAPL,143.91
2023-08-23,GOOGL,100.83
2023-08-24,AMZN,124.6
2023-08-24,MSFT,302.14
2023-08-24,TSLA,189.73
2023-08-24,AAPL,153.02
2023-08-24,GOOGL,102.92
2023-08-25,AMZN,118.47
2023-08-25,MSFT,307.99
2023-08-25,TSLA,199.16
2023-08-25,AAPL,151.11
2023-08-25,GOOGL,104.29
2023-08-28,AMZN,114.15
2023-08-28,MSFT,297.65
2023-08-28,TSLA,203.61
2023-08-28,AAPL,161.89
2023-08-28,GOOGL,95.43
2023-08-29,AMZN,116.44
2023-08-29,MSFT,305.09
2023-08-29,TSLA,195.56
2023-08-29,AAPL,149.45
2023-08-29,GOOGL,105.34
2023-08-30,AMZN,121.83
2023-08-30,MSFT,295.27
2023-08-30,TSLA,195.49
2023-08-30,AAPL,152.54
2023-08-30,GOOGL,100.97
2023-08-31,AMZN,122.62
2023-08-31,MSFT,302.84
2023-08-31,TSLA,192.04
2023-08-31,AAPL,151.35
2023-08-31,GOOGL,102.87
2023-09-01,AMZN,113.26
2023-09-01,MSFT,293.3
2023-09-01,TSLA,198.75
2023-09-01,AAPL,150.57
2023-09-01,GOOGL,93.73
2023-09-04,AMZN,119.7
2023-09-04,MSFT,296.83
2023-09-04,TSLA,190.5
2023-09-04,AAPL,148.08
2023-09-04,GOOGL,102.57
2023-09-05,AMZN,125.91
2023-09-05,MSFT,298.11
2023-09-05,TSLA,205.51
2023-09-05,AAPL,149.21
2023-09-05,GOOGL,97.03
2023-09-06,AMZN,121.12
2023-09-06,MSFT,297.26
2023-09-06,TSLA,200.71
2023-09-06,AAPL,147.8
2023-09-06,GOOGL,94.49
2023-09-07,AMZN,119.16
2023-09-07,MSFT,295.63
2023-09-07,TSLA,207.73
2023-09-07,AAPL,153.8
2023-09-07,GOOGL,99.21
2023-09-08,AMZN,117.18
2023-09-08,MSFT,296.95
2023-09-08,TSLA,198.95
2023-09-08,AAPL,146.7
2023-09-08,GOOGL,98.98
2023-09-11,AMZN,115.39
2023-09-11,MSFT,295.99
2023-09-11,TSLA,195.0
2023-09-11,AAPL,151.5
2023-09-11,GOOGL,98.36
2023-09-12,AMZN,115.51
2023-09-12,MSFT,305.73
2023-09-12,TSLA,200.27
2023-09-12,AAPL,152.3
2023-09-12,GOOGL,100.54
2023-09-13,AMZN,128.31
2023-09-13,MSFT,296.84
2023-09-13,TSLA,199.43
2023-09-13,AAPL,152.66
2023-09-13,GOOGL,104.84
2023-09-14,AMZN,116.01
2023-09-14,MSFT,303.25
2023-09-14,TSLA,203.19
2023-09-14,AAPL,150.88
2023-09-14,GOOGL,96.01
2023-09-15,AMZN,114.76
2023-09-15,MSFT,297.57
2023-09-15,TSLA,198.93
2023-09-15,AAPL,151.02
2023-09-15,GOOGL,102.67
2023-09-18,AMZN,120.2
2023-09-18,MSFT,296.63
2023-09-18,TSLA,194.96
2023-09-18,AAPL,152.34
2023-09-18,GOOGL,101.11
2023-09-19,AMZN,116.68
2023-09-19,MSFT,298.91
2023-09-19,TSLA,197.95
2023-09-19,AAPL,153.32
2023-09-19,GOOGL,90.44
2023-09-20,AMZN,107.51
2023-09-20,MSFT,299.93
2023-09-20,TSLA,200.21
2023-09-20,AAPL,159.06
2023-09-20,GOOGL,96.61
2023-09-21,AMZN,117.28
2023-09-21,MSFT,297.29
2023-09-21,TSLA,207.51
2023-09-21,AAPL,147.91
2023-09-21,GOOGL,102.18
2023-09-22,AMZN,118.1
2023-09-22,MSFT,298.49
2023-09-22,TSLA,208.78
2023-09-22,AAPL,156.91
2023-09-22,GOOGL,96.81
2023-09-25,AMZN,120.52
2023-09-25,MSFT,299.14
2023-09-25,TSLA,198.85
2023-09-25,AAPL,150.9
2023-09-25,GOOGL,95.11
2023-09-26,AMZN,130.69
2023-09-26,MSFT,298.14
2023-09-26,TSLA,205.91
2023-09-26,AAPL,156.82
2023-09-26,GOOGL,102.46
2023-09-27,AMZN,111.05
2023-09-27,MSFT,291.92
2023-09-27,TSLA,194.42
2023-09-27,AAPL,144.74
2023-09-27,GOOGL,101.51
2023-09-28,AMZN,125.41
2023-09-28,MSFT,300.1
2023-09-28,TSLA,190.97
2023-09-28,AAPL,140.64
2023-09-28,GOOGL,104.51
2023-09-29,AMZN,115.02
2023-09-29,MSFT,297.08
2023-09-29,TSLA,206.09
2023-09-29,AAPL,152.79
2023-09-29,GOOGL,107.14
2023-10-02,AMZN,123.77
2023-10-02,MSFT,303.67
2023-10-02,TSLA,197.22
2023-10-02,AAPL,154.15
2023-10-02,GOOGL,97.11
2023-10-03,AMZN,119.18
2023-10-03,MSFT,292.35
2023-10-03,TSLA,199.53
2023-10-03,AAPL,155.22
2023-10-03,GOOGL,108.8
2023-10-04,AMZN,106.25
2023-10-04,MSFT,294.42
2023-10-04,TSLA,195.49
2023-10-04,AAPL,155.08
2023-10-04,GOOGL,92.5
2023-10-05,AMZN,122.93
2023-10-05,MSFT,296.41
2023-10-05,TSLA,193.2
2023-10-05,AAPL,146.35
2023-10-05,GOOGL,104.4
2023-10-06,AMZN,125.5
2023-10-06,MSFT,309.3
2023-10-06,TSLA,196.27
2023-10-06,AAPL,154.57
2023-10-06,GOOGL,104.04
2023-10-09,AMZN,115.7
2023-10-09,MSFT,305.13
2023-10-09,TSLA,202.17
2023-10-09,AAPL,151.78
2023-10-09,GOOGL,111.12
2023-10-10,AMZN,113.32
2023-10-10,MSFT,300.24
2023-10-10,TSLA,204.6
2023-10-10,AAPL,143.76
2023-10-10,GOOGL,104.6
2023-10-11,AMZN,122.35
2023-10-11,MSFT,301.02
2023-10-11,TSLA,204.7
2023-10-11,AAPL,144.35
2023-10-11,GOOGL,110.42
2023-10-12,AMZN,123.59
2023-10-12,MSFT,299.26
2023-10-12,TSLA,197.63
2023-10-12,AAPL,143.11
2023-10-12,GOOGL,103.18
2023-10-13,AMZN,116.22
2023-10-13,MSFT,299.5
2023-10-13,TSLA,197.84
2023-10-13,AAPL,150.03
2023-10-13,GOOGL,97.15
2023-10-16,AMZN,122.7
2023-10-16,MSFT,292.97
2023-10-16,TSLA,206.96
2023-10-16,AAPL,154.87
2023-10-16,GOOGL,97.89
2023-10-17,AMZN,115.87
2023-10-17,MSFT,293.75
2023-10-17,TSLA,199.96
2023-10-17,AAPL,151.84
2023-10-17,GOOGL,96.64
2023-10-18,AMZN,113.44
2023-10-18,MSFT,292.12
2023-10-18,TSLA,199.17
2023-10-18,AAPL,149.01
2023-10-18,GOOGL,103.25
2023-10-19,AMZN,115.62
2023-10-19,MSFT,290.38
2023-10-19,TSLA,205.07
2023-10-19,AAPL,157.94
2023-10-19,GOOGL,97.3
2023-10-20,AMZN,116.83
2023-10-20,MSFT,301.86
2023-10-20,TSLA,210.62
2023-10-20,AAPL,150.11
2023-10-20,GOOGL,83.69
2023-10-23,AMZN,122.82
2023-10-23,MSFT,300.25
2023-10-23,TSLA,200.79
2023-10-23,AAPL,149.43
2023-10-23,GOOGL,103.08
2023-10-24,AMZN,124.56
2023-10-24,MSFT,299.89
2023-10-24,TSLA,197.33
2023-10-24,AAPL,162.73
2023-10-24,GOOGL,97.76
2023-10-25,AMZN,122.45
2023-10-25,MSFT,299.26
2023-10-25,TSLA,195.62
2023-10-25,AAPL,156.02
2023-10-25,GOOGL,96.64
2023-10-26,AMZN,120.16
2023-10-26,MSFT,295.96
2023-10-26,TSLA,195.29
2023-10-26,AAPL,146.81
2023-10-26,GOOGL,96.58
2023-10-27,AMZN,110.43
2023-10-27,MSFT,311.46
2023-10-27,TSLA,197.67
2023-10-27,AAPL,147.37
2023-10-27,GOOGL,92.61
2023-10-30,AMZN,115.73
2023-10-30,MSFT,299.83
2023-10-30,TSLA,201.94
2023-10-30,AAPL,153.38
2023-10-30,GOOGL,108.13
2023-10-31,AMZN,123.38
2023-10-31,MSFT,294.45
2023-10-31,TSLA,200.33
2023-10-31,AAPL,152.08
2023-10-31,GOOGL,107.89
2023-11-01,AMZN,113.35
2023-11-01,MSFT,301.49
2023-11-01,TSLA,197.44
2023-11-01,AAPL,157.25
2023-11-01,GOOGL,100.92
2023-11-02,AMZN,115.59
2023-11-02,MSFT,301.81
2023-11-02,TSLA,202.33
2023-11-02,AAPL,150.84
2023-11-02,GOOGL,97.07
2023-11-03,AMZN,119.91
2023-11-03,MSFT,299.23
2023-11-03,TSLA,202.81
2023-11-03,AAPL,154.21
2023-11-03,GOOGL,99.26
2023-11-06,AMZN,109.25
2023-11-06,MSFT,303.05
2023-11-06,TSLA,199.37
2023-11-06,AAPL,151.45
2023-11-06,GOOGL,94.23
2023-11-07,AMZN,118.48
2023-11-07,MSFT,294.26
2023-11-07,TSLA,199.84
2023-11-07,AAPL,159.69
2023-11-07,GOOGL,95.09
2023-11-08,AMZN,125.01
2023-11-08,MSFT,301.02
2023-11-08,TSLA,198.61
2023-11-08,AAPL,151.65
2023-11-08,GOOGL,105.78
2023-11-09,AMZN,109.92
2023-11-09,MSFT,297.08
2023-11-09,TSLA,195.92
2023-11-09,AAPL,153.75
2023-11-09,GOOGL,93.78
2023-11-10,AMZN,117.8
2023-11-10,MSFT,299.52
2023-11-10,TSLA,185.76
2023-11-10,AAPL,149.79
2023-11-10,GOOGL,99.04
2023-11-13,AMZN,122.36
2023-11-13,MSFT,298.67
2023-11-13,TSLA,203.5
2023-11-13,AAPL,149.73
2023-11-13,GOOGL,97.83
2023-11-14,AMZN,124.62
2023-11-14,MSFT,303.13
2023-11-14,TSLA,200.29
2023-11-14,AAPL,142.66
2023-11-14,GOOGL,100.21
2023-11-15,AMZN,123.53
2023-11-15,MSFT,303.56
2023-11-15,TSLA,202.75
2023-11-15,AAPL,148.61
2023-11-15,GOOGL,97.02
2023-11-16,AMZN,117.88
2023-11-16,MSFT,293.61
2023-11-16,TSLA,198.17
2023-11-16,AAPL,148.53
2023-11-16,GOOGL,97.28
2023-11-17,AMZN,117.81
2023-11-17,MSFT,305.32
2023-11-17,TSLA,196.62
2023-11-17,AAPL,152.21
2023-11-17,GOOGL,102.33
2023-11-20,AMZN,117.97
2023-11-20,MSFT,300.62
2023-11-20,TSLA,200.48
2023-11-20,AAPL,152.53
2023-11-20,GOOGL,94.41
2023-11-21,AMZN,118.63
2023-11-21,MSFT,295.48
2023-11-21,TSLA,196.42
2023-11-21,AAPL,158.38
2023-11-21,GOOGL,99.71
2023-11-22,AMZN,119.73
2023-11-22,MSFT,294.9
2023-11-22,TSLA,199.05
2023-11-22,AAPL,150.56
2023-11-22,GOOGL,98.71
2023-11-23,AMZN,126.73
2023-11-23,MSFT,293.14
2023-11-23,TSLA,208.7
2023-11-23,AAPL,153.53
2023-11-23,GOOGL,91.84
2023-11-24,AMZN,128.3
2023-11-24,MSFT,296.38
2023-11-24,TSLA,197.67
2023-11-24,AAPL,153.97
2023-11-24,GOOGL,98.8
2023-11-27,AMZN,116.43
2023-11-27,MSFT,299.35
2023-11-27,TSLA,197.8
2023-11-27,AAPL,152.94
2023-11-27,GOOGL,100.3
2023-11-28,AMZN,121.19
2023-11-28,MSFT,301.84
2023-11-28,TSLA,188.88
2023-11-28,AAPL,152.01
2023-11-28,GOOGL,105.65
2023-11-29,AMZN,113.54
2023-11-29,MSFT,304.97
2023-11-29,TSLA,195.35
2023-11-29,AAPL,152.9
2023-11-29,GOOGL,93.03
2023-11-30,AMZN,117.54
2023-11-30,MSFT,294.33
2023-11-30,TSLA,193.17
2023-11-30,AAPL,147.43
2023-11-30,GOOGL,97.66
2023-12-01,AMZN,121.47
2023-12-01,MSFT,301.9
2023-12-01,TSLA,201.86
2023-12-01,AAPL,150.78
2023-12-01,GOOGL,103.13
2023-12-04,AMZN,121.36
2023-12-04,MSFT,302.37
2023-12-04,TSLA,204.81
2023-12-04,AAPL,155.96
2023-12-04,GOOGL,89.71
2023-12-05,AMZN,116.86
2023-12-05,MSFT,295.74
2023-12-05,TSLA,196.3
2023-12-05,AAPL,146.66
2023-12-05,GOOGL,98.25
2023-12-06,AMZN,120.21
2023-12-06,MSFT,305.06
2023-12-06,TSLA,213.02
2023-12-06,AAPL,140.26
2023-12-06,GOOGL,101.43
2023-12-07,AMZN,128.5
2023-12-07,MSFT,308.31
2023-12-07,TSLA,201.02
2023-12-07,AAPL,155.57
2023-12-07,GOOGL,93.28
2023-12-08,AMZN,115.44
2023-12-08,MSFT,296.58
2023-12-08,TSLA,194.21
2023-12-08,AAPL,154.9
2023-12-08,GOOGL,94.92
2023-12-11,AMZN,121.81
2023-12-11,MSFT,287.96
2023-12-11,TSLA,192.52
2023-12-11,AAPL,148.33
2023-12-11,GOOGL,96.95
2023-12-12,AMZN,123.65
2023-12-12,MSFT,295.2
2023-12-12,TSLA,193.91
2023-12-12,AAPL,144.5
2023-12-12,GOOGL,90.83
2023-12-13,AMZN,110.0
2023-12-13,MSFT,293.35
2023-12-13,TSLA,192.56
2023-12-13,AAPL,158.16
2023-12-13,GOOGL,92.47
2023-12-14,AMZN,114.73
2023-12-14,MSFT,309.71
2023-12-14,TSLA,200.98
2023-12-14,AAPL,144.66
2023-12-14,GOOGL,96.99
2023-12-15,AMZN,126.38
2023-12-15,MSFT,301.53
2023-12-15,TSLA,197.15
2023-12-15,AAPL,150.76
2023-12-15,GOOGL,91.65
2023-12-18,AMZN,122.04
2023-12-18,MSFT,296.9
2023-12-18,TSLA,196.09
2023-12-18,AAPL,150.78
2023-12-18,GOOGL,100.41
2023-12-19,AMZN,118.96
2023-12-19,MSFT,313.66
2023-12-19,TSLA,194.36
2023-12-19,AAPL,145.86
2023-12-19,GOOGL,96.18
2023-12-20,AMZN,113.04
2023-12-20,MSFT,304.65
2023-12-20,TSLA,200.32
2023-12-20,AAPL,148.0
2023-12-20,GOOGL,102.57
2023-12-21,AMZN,117.98
2023-12-21,MSFT,300.07
2023-12-21,TSLA,205.48
2023-12-21,AAPL,154.07
2023-12-21,GOOGL,95.42
2023-12-22,AMZN,119.34
2023-12-22,MSFT,305.76
2023-12-22,TSLA,193.83
2023-12-22,AAPL,159.79
2023-12-22,GOOGL,106.59
2023-12-25,AMZN,117.44
2023-12-25,MSFT,305.93
2023-12-25,TSLA,199.21
2023-12-25,AAPL,149.38
2023-12-25,GOOGL,97.9
2023-12-26,AMZN,123.31
2023-12-26,MSFT,302.71
2023-12-26,TSLA,204.45
2023-12-26,AAPL,147.07
2023-12-26,GOOGL,111.22
2023-12-27,AMZN,119.88
2023-12-27,MSFT,301.92
2023-12-27,TSLA,196.5
2023-12-27,AAPL,156.51
2023-12-27,GOOGL,97.37
2023-12-28,AMZN,119.36
2023-12-28,MSFT,295.03
2023-12-28,TSLA,204.34
2023-12-28,AAPL,141.03
2023-12-28,GOOGL,106.92
2023-12-29,AMZN,113.51
2023-12-29,MSFT,306.37
2023-12-29,TSLA,204.93
2023-12-29,AAPL,149.03
2023-12-29,GOOGL,102.07
2024-01-01,AMZN,117.97
2024-01-01,MSFT,294.25
2024-01-01,TSLA,196.55
2024-01-01,AAPL,155.71
2024-01-01,GOOGL,101.11
2024-01-02,AMZN,121.51
2024-01-02,MSFT,293.16
2024-01-02,TSLA,206.25
2024-01-02,AAPL,149.91
2024-01-02,GOOGL,102.89
2024-01-03,AMZN,121.88
2024-01-03,MSFT,300.3
2024-01-03,TSLA,195.56
2024-01-03,AAPL,157.18
2024-01-03,GOOGL,97.95
2024-01-04,AMZN,122.65
2024-01-04,MSFT,299.61
2024-01-04,TSLA,197.49
2024-01-04,AAPL,152.67
2024-01-04,GOOGL,105.49
2024-01-05,AMZN,116.43
2024-01-05,MSFT,296.35
2024-01-05,TSLA,194.91
2024-01-05,AAPL,148.41
2024-01-05,GOOGL,101.18
2024-01-08,AMZN,120.02
2024-01-08,MSFT,305.9
2024-01-08,TSLA,200.99
2024-01-08,AAPL,144.87
2024-01-08,GOOGL,98.32
2024-01-09,AMZN,117.85
2024-01-09,MSFT,300.22
2024-01-09,TSLA,200.03
2024-01-09,AAPL,146.7
2024-01-09,GOOGL,100.52
2024-01-10,AMZN,126.78
2024-01-10,MSFT,303.96
2024-01-10,TSLA,198.27
2024-01-10,AAPL,146.41
2024-01-10,GOOGL,98.58
2024-01-11,AMZN,116.72
2024-01-11,MSFT,306.24
2024-01-11,TSLA,201.23
2024-01-11,AAPL,149.65
2024-01-11,GOOGL,91.75
2024-01-12,AMZN,126.84
2024-01-12,MSFT,294.99
2024-01-12,TSLA,202.63
2024-01-12,AAPL,148.53
2024-01-12,GOOGL,103.01
2024-01-15,AMZN,114.31
2024-01-15,MSFT,289.38
2024-01-15,TSLA,203.94
2024-01-15,AAPL,153.38
2024-01-15,GOOGL,91.75
2024-01-16,AMZN,119.01
2024-01-16,MSFT,295.47
2024-01-16,TSLA,193.24
2024-01-16,AAPL,155.16
2024-01-16,GOOGL,104.7
2024-01-17,AMZN,124.16
2024-01-17,MSFT,293.34
2024-01-17,TSLA,200.8
2024-01-17,AAPL,153.6
2024-01-17,GOOGL,104.54
2024-01-18,AMZN,123.09
2024-01-18,MSFT,304.15
2024-01-18,TSLA,202.73
2024-01-18,AAPL,144.95
2024-01-18,GOOGL,94.43
2024-01-19,AMZN,118.78
2024-01-19,MSFT,305.12
2024-01-19,TSLA,199.01
2024-01-19,AAPL,149.73
2024-01-19,GOOGL,93.88
2024-01-22,AMZN,122.34
2024-01-22,MSFT,304.75
2024-01-22,TSLA,195.76
2024-01-22,AAPL,146.93
2024-01-22,GOOGL,104.39
2024-01-23,AMZN,113.1
2024-01-23,MSFT,299.84
2024-01-23,TSLA,194.55
2024-01-23,AAPL,139.71
2024-01-23,GOOGL,91.7
2024-01-24,AMZN,112.87
2024-01-24,MSFT,300.81
2024-01-24,TSLA,199.63
2024-01-24,AAPL,143.07
2024-01-24,GOOGL,104.66
2024-01-25,AMZN,116.49
2024-01-25,MSFT,301.58
2024-01-25,TSLA,200.75
2024-01-25,AAPL,146.31
2024-01-25,GOOGL,102.63
2024-01-26,AMZN,109.26
2024-01-26,MSFT,293.56
2024-01-26,TSLA,205.35
2024-01-26,AAPL,142.09
2024-01-26,GOOGL,108.87
2024-01-29,AMZN,121.58
2024-01-29,MSFT,305.84
2024-01-29,TSLA,195.14
2024-01-29,AAPL,146.19
2024-01-29,GOOGL,85.92
2024-01-30,AMZN,121.06
2024-01-30,MSFT,295.92
2024-01-30,TSLA,198.09
2024-01-30,AAPL,148.71
2024-01-30,GOOGL,107.36
2024-01-31,AMZN,125.71
2024-01-31,MSFT,297.69
2024-01-31,TSLA,199.17
2024-01-31,AAPL,144.2
2024-01-31,GOOGL,102.32
2024-02-01,AMZN,111.67
2024-02-01,MSFT,303.97
2024-02-01,TSLA,200.63
2024-02-01,AAPL,144.78
2024-02-01,GOOGL,104.02
2024-02-02,AMZN,128.95
2024-02-02,MSFT,305.07
2024-02-02,TSLA,206.34
2024-02-02,AAPL,148.11
2024-02-02,GOOGL,101.0
2024-02-05,AMZN,121.69
2024-02-05,MSFT,300.94
2024-02-05,TSLA,206.01
2024-02-05,AAPL,145.79
2024-02-05,GOOGL,101.48
2024-02-06,AMZN,111.63
2024-02-06,MSFT,308.22
2024-02-06,TSLA,201.15
2024-02-06,AAPL,158.17
2024-02-06,GOOGL,102.38
2024-02-07,AMZN,117.99
2024-02-07,MSFT,291.73
2024-02-07,TSLA,200.26
2024-02-07,AAPL,152.45
2024-02-07,GOOGL,102.07
2024-02-08,AMZN,117.79
2024-02-08,MSFT,293.63
2024-02-08,TSLA,212.69
2024-02-08,AAPL,147.76
2024-02-08,GOOGL,108.59
2024-02-09,AMZN,113.94
2024-02-09,MSFT,292.85
2024-02-09,TSLA,199.76
2024-02-09,AAPL,148.83
2024-02-09,GOOGL,104.74
2024-02-12,AMZN,124.0
2024-02-12,MSFT,298.94
2024-02-12,TSLA,204.75
2024-02-12,AAPL,146.4
2024-02-12,GOOGL,92.69
2024-02-13,AMZN,117.88
2024-02-13,MSFT,300.02
2024-02-13,TSLA,200.34
2024-02-13,AAPL,146.5
2024-02-13,GOOGL,104.49
2024-02-14,AMZN,123.4
2024-02-14,MSFT,300.38
2024-02-14,TSLA,202.55
2024-02-14,AAPL,148.29
2024-02-14,GOOGL,100.99
2024-02-15,AMZN,114.55
2024-02-15,MSFT,298.8
2024-02-15,TSLA,203.01
2024-02-15,AAPL,153.7
2024-02-15,GOOGL,102.15
2024-02-16,AMZN,122.81
2024-02-16,MSFT,294.56
2024-02-16,TSLA,203.94
2024-02-16,AAPL,147.67
2024-02-16,GOOGL,97.67
2024-02-19,AMZN,119.84
2024-02-19,MSFT,296.63
2024-02-19,TSLA,198.71
2024-02-19,AAPL,147.85
2024-02-19,GOOGL,98.49
2024-02-20,AMZN,113.71
2024-02-20,MSFT,304.53
2024-02-20,TSLA,197.68
2024-02-20,AAPL,147.19
2024-02-20,GOOGL,97.36
